address,avg_validators
0x5112d584a1c72fc250176b57aeba5ffbbb287d8f,19201.000000000000
0x60c0a957542b6236b292d6d53a1d7ec0a9c746e9,4099.0000000000000000
0x0c36ac8863d0352436a70addbf1be34f3ea11017,4070.3622247590055809
0x43fd1f07da06b51097a697d4e3c7d369e2e3fd60,3548.0000000000000000
0x4354a28c70e33032619df646b6dd0d39d0c75916,3045.0000000000000000
0xc4485b4f6699661844c6e54cae7513a6d25575aa,2902.3851588026382547
0x4a0d43439bab76164737f48af22f4e2bbc7477aa,2300.0000000000000000
0xb576aaa09d7b24ef6c192600881cc7cbb77ef564,1792.0000000000000000
0x4373380e0c97f61658d763fd2c322d19844f49b4,1024.0000000000000000
0x41eaa7c23e6b443fb85ed1c6009c52503b139017,1024.0000000000000000
0xdc38c6fa12cf847dc11eb5e067e24f2183497469,1024.0000000000000000
00 credentials,995.9837280568239472
0x91c35c71387691a516f4289066be51cc56f839f6,994.8535104008117707
0xd4f42a7ce74947db59678324fd3b05ac47063d1d,956.5088366311516996
0x0dfae56dbe607fe1df018b1c5da8d049bc590d06,828.0000000000000000
0x87f8909bed6e7cc29fbfb512ccadcef93478ba39,768.0000000000000000
0x9246f4c0acdd2556c2cb8005cbf36572a88ca444,693.2527904616945713
0x56cf0ff00fd6cfb23ce964c6338b228b0fa76640,688.5307087772704211
0x91d8116fa60516cf25e258ef14deaacaf7a74127,683.0000000000000000
0xea3cc3c3f5a80e7e1bf7bad22a76a3997abd6fa2,671.5342313546423135
0x34af3eb6ecf6cdc65e6581560215b7add7e1a7c8,649.2185454084221208
0x365bd827c68d5de0e2bfa5871dc0ecaaf074d5ab,600.0000000000000000
0xefbbfb08115b0f6a2825a9a186baa5777f5d2494,579.0327513952308473
0x58f84209e351987649d2c1cf642ffd0741e94b97,502.8015504819888382
0x84fc653a05c2dc1ab29b93d49e78498d5650f05b,457.3149396245560629
0x3b33e333b2cb692bc98ac655ba92a592cd42d755,454.2332090309487570
0x0a28f530202fb53baa84c1e6c5109098ec59617e,400.0000000000000000
0xd99e7c6490b27ebc155e2025ea27f77029b6ed15,335.7491542364282090
0x03ff7f8d129cae6e43903b5d2506ee5449cc7bb6,320.1682014205986809
0x4d0900710f5f5b75d16e5fe090036f4a037f4212,317.5213069507864028
0x42f0e3da18c2181e57407a56648ffe98c2e82917,314.2317503805175038
0xcba12315cc838375f0e1e9a9f5b2afe0196b07b6,300.0000000000000000
0xb8adfee40e1defbb8314d3fec3c622be2f624901,260.0000000000000000
0xb345fdcec79e27a2f2c2c59785505e50fa593ec0,256.0000000000000000
0xd8ea028a3f9512f22f474e1936512fc783b9b591,256.0000000000000000
0xf22c61882216d92d4609b5945b5063c596e619f3,253.9943683409436834
0xb5487a8697c16624d4897083472306cda2f32461,250.0000000000000000
0x67228c5fa8203d8981b1e166e689ae3fd9cd4b4a,249.9439249112125824
0x603833eb2f2b0aa841469b76c0d5a5242eda60b3,244.4411978691019787
0x3868fa46104780357ceb84e706fdd31ab2d7caf9,244.0167295788939625
0xe000da5284e1c6c82379ec473d386f3722c47e7c,220.0000000000000000
0xe4d9ef3f930d1b172b2d3c631e4b7f5c15fe8e53,219.7959614408929477
0xef0391ccbebf15fc84334d9630255093754cdaab,218.8897067478437341
0xeea12b7ce74e23e30d6246c919921ef170f4f7da,218.0000000000000000
0x9d4f2cf95dc9b35eece8998bf6f519a4ba9be5e8,216.0000000000000000
0xf8a5a74066a16ab59a893a116bf12debf0731c69,206.2708594622019280
0xd4005e47501f6938006cd6ea7ce22cff9ef67a70,205.0000000000000000
0x7f01d9b227593e033bf8d6fc86e634d27aa85568,204.0000000000000000
0xc93d945d45be21ae3040fca4ab8262576b032ef5,180.0000000000000000
0x80af844a4621f60f3dc4732f4023495b09741897,170.9568828006088280
0x34bf8dcb3ed8cf8aab57b1d8330cab8ba5246708,166.0000000000000000
0xfdcea8351ed035bd11e338b061dbcff4634800e3,138.2421451040081177
0xc30682cf6461208f1d002b28f585546321a77526,134.0000000000000000
0x298f8b77639ddaaa5a21cdea9d4062e78033f2e7,133.1733800101471334
0x66c43253b98c325b1bfc9c478e4667d6188286b1,131.1473668188736682
0xc9a1133f8ee6c7ee9478b696c26a46c446253c9f,130.7070877727042111
0x5756757ed0a55cb181388e91389739500a37df79,128.0000000000000000
0x62a6c60de7ecec9fd12cbd01a51a61530a41de91,128.0000000000000000
0x45f9675804904a6d8116354bd9ba74cdbdbc88ca,128.0000000000000000
0xe618050f1adb1f6bb7d03a3484346ac42f3e71ee,127.0336864535768645
0x955c4418141d47c376595008735891760368caf6,127.0000000000000000
0x5e7f8a81edece816f72d4d110882530cd82a2d2a,126.9114875697615424
0x78e87757861185ec5e8c0ef6bf0c69fa7832df6c,121.4467843734145104
0x6eaa11eec98c663ba096593cc779217a7e20665a,120.0000000000000000
0x403d6286841ef002d0b4b2ac731f331b0c1cc7f1,116.7741095890410959
0xff1096d83e15c2ce04db158cc431361f25f69bc1,115.3094901065449011
0xc74a73576f9ca7c88c905edcc5f0f5f339d52380,106.9997265347539320
0x90e2366eef76d240e2825ea55ac781de91011195,100.9155154743784881
0xd56ae1d33628ebe94606a24e7c4f72909e611196,100.0000000000000000
0x75ce9d9c53f08b96d88f8fd6494d0b664be16878,100.0000000000000000
0x915e73d969a1e8b718d225b929daf96e963e56de,100.0000000000000000
0x7a7514f3ee5dcb9a44892303e2691a78cc5cb2ed,100.0000000000000000
0x53b5d09eff9f96e01bc17fc33a38ddbdd5af1d6b,95.7273718924403856
0x756e9a772f87cc1b3c56e0b88f941bb3aef0a81a,92.0000000000000000
0x87138ead456276321663c8cb0b7a5c4ca1278850,90.0000000000000000
0xe833f1b7ce2f5e68011cbefddafb767dd1d2a75b,89.8799294774226281
0x9ed7e39dbbd0ef70bec60da0f44b7d09133268e9,89.3223541349568747
0x4e8751529e0f43ec3a05eef4a40de0824d1cf7d5,87.6095585996955860
0xc1f983c686733bc41213e0b75b277ef9e0c5539e,83.8083348554033486
0x030539e7a6742690f7e2257c98072ab31be60411,82.6592176560121766
0x0bccc707db5dff937316833af020adca75932e27,80.0000000000000000
0x250ef797e6dbda0ab93dbc67315d49da7798b937,75.4239594114662608
0xb4522eb2ca49963de9c3dc69023cbe6d53489c98,71.0762506341958397
0xae74c11eb5633d2e2c404625e3fb557c7dacf4aa,68.3337595129375951
0x5c866c6ae5187130c234bc474a9fd55e3ea0ac5d,67.0000000000000000
0x3b4daa9fbd96445faff116164ff634c976f3ad58,66.9284043632673770
0x9a97dbc9baa91707b5bde45c810536c17b8ceb15,63.2527767630644343
0xc44caeb7f0724a156806664d2361fd6f32a2d2c8,60.0000000000000000
0x6133a0749fec7a7ff299e3aa2b75cf7339b3e717,60.0000000000000000
0x2b5e8ec8aefccf7594907aa98a53ff87aab13943,59.8321867072552004
0x86da253817dc599059e3ad5a1f098f7b96abf34c,59.0000000000000000
0xb9684cfb36a979e21008e7d8dce367df201e4642,58.8824911212582445
0x4b3e650687fe68c8326b3c8d58697e2ab20e324a,58.5329857940131913
0xf6da275e9ce35745a9f68eba39815b0b88aae1e0,57.8359863013698630
0xbc40a2da123edbb5d7358d162928f9a7d4999e99,55.9031141552511416
0x25a34b7f2533761a0eea417d4613b54861278e79,54.4124870624048706
0x4193e4ca2241d4d16356a94da537e3c3a600678c,53.9523977676306443
0x93066a9f747e8cf13e5d9100455a7119e100e642,52.0949528158295282
0xcbcdca647cfda9283992193604f8718a910b42fc,49.3123490613901573
0xb460336e8850ba79c56cfa6e47de2fcd3d2d3d63,49.1357382039573820
0x7a96b057750ca3b0a1f4f4b0b146a53f3b8e69d3,47.3794277016742770
0x2205939efba2e9c29af24e7bfedab6764523144a,45.0000000000000000
0x8255eb729cc7b472ddae4cfcf4b68d700e3e5cde,45.0000000000000000
0x57e18a5f61c2086c9b946c92a23590acd44e7776,44.0096377473363775
0xcc140877e0dd328415f65c8c4d9391fbd98e0fcc,44.0000000000000000
0xf23fd62e9566262a009851d0c0e70b3280e2ead7,43.3003460172501268
0x87b902c02b98a67a62af1d1a42f06f3f2d594ab7,42.9979401319127347
0x79330aab8c32e616b4b9b177eeb72264c611118a,42.2563434804667681
0xc6cda6a69ddc8200da1140546df8e830f5e7827e,42.1925215626585490
0x13d89b34bd57f483f4023ca147d1f093436cf4f4,42.0000000000000000
0x5b542656634f5b781e93c4f147ae0f01bb58cd50,41.5264682902080162
0x6a1f4b47f9496114b538ba4d208bb10b8d3f86a2,40.3093937087772704
0x65c02c7d1d8106995ebdda2ba469e3eb3ef69fdb,39.8906529680365297
0xadcda97c0c1f421c289cc459fbb19a4511e46ad6,39.5432897006595637
0xc3f500b984e689b8e78917caa203e679ea58e4f8,38.4664764079147641
0x7a8e55282fbe37facf47f2cd69d2adc65a8651b1,38.3236007102993404
0x0f6f8fbc085e7fe1004d93cedaf3a188ef0af698,35.8414119736174531
0xc1d71e55d205960a177adad094e38d3d7f25f9ce,34.9322252663622527
0x9a517b5d1fea6e42d50e711fa212fa8121c1f939,34.1453155758498224
0x3f939ea047178f56f59775400488dac03d36fe2c,32.6812836123795028
0xc53b2833348c889c174e9f028c2ed22a3702add2,32.4615981735159817
0x2ad7f82d4266d47e875ae2b06322f2e008cbf5c6,32.0000000000000000
0xa999a1d1d478c98126e1a3ef711a948707306712,32.0000000000000000
0xb996f5f0be1dc903d39f0256df7a47d59edd5e2f,31.7909046169457128
0x083112c4bd4ea322141f585f467194ce9deb2146,31.6336905124302385
0x34fcf89df13e3ccc5cc0fb8ad51d0a4b4c61aeba,30.2428807711821410
0x5e2d13f888d95d2caaa6598236b1388621757289,29.9967478437341451
0xbcb0dadeeb62f0a814b9fe2425e1315398eb66e6,29.9421547437848808
0x723ad5c2ac93a70249b0229faa10feb94796e911,28.9032496194824962
0x7984db4d4f9393aaf00a195a189c5fa59add31c4,28.1371968543886352
0xfa91288b3033d095992cf3cb0b0e54b807c3c2ac,27.7650654490106545
0x08a6198f89a7687ba99bc7c8d01d39581170fedf,27.7256874682902080
0x66a5b7401ae8a8db6b15ab0b5442f283bdaa8cc2,27.4526615930999493
0xe4701b3c489bd1de2c8ffbdfe9801092859afccc,26.2665246067985794
0x884898480d7a1223ec55cb1aba92dbd46a643744,25.7091202435312024
0x219b4b0a498566c412391219ea3d936176719ca6,25.0000000000000000
0xdc8c1959c74ab2cb3819add153e62739d12be550,24.6751867072552004
0xf2d4bc74da733c2b0842d3c9f0b8c32c9aa7d6b3,24.5950801623541350
0x95167f64ff86bbc294f8411b55a5ca2168c4dad7,24.3329629629629630
0x30d41a62b6e36e72b4fed35236c3168f4369b2f5,23.9744677828513445
0xe46c401de7cfdbfb6b059d9ed640a69c4e3dced7,23.9543054287163876
0xc627ae306a1897674b97a0e5d59602643109bd18,23.9082988330796550
0x23b13307372e1cccfc4f0b0e5dc937714604752c,23.3924601725012684
0xce87b01b717c0f4f5dc667f865bda0281636af0d,23.3321232876712329
0x5c96edc0ede2165f5c855f32c93af2e55fe25e83,23.2934079147640791
0x6629db6b40057e29d0593d895a350df94dc1e99a,22.9608214104515474
0xf22f8705a3e6e0f496553d98cfa6ad950e6796ef,22.9582851344495180
0x059f5578b999e55ba9db7956b7eaad57448e5f00,22.9135256215119229
0x4f034f0204bb0108fda40b852483c3b3e7a11674,22.7228640284119736
0xc746b0dcda11b35abbe3bd4ba5dc60eb1c804e03,22.5543323186199899
0x8494d10ce90a24d0eb8d8717007daee2f14110c4,22.5394550989345510
0x127685d6dd6683085da4b6a041efcef1681e5c9c,21.4879908675799087
0x59931526093ed0b10d52a6219146d268d7161730,21.1248082191780822
0xd67bb65219de0d199a8c25ca81257a8cf5120494,21.0340781329274480
0x06c10c06cfa0210d61accaf8b0edbd351f659a8c,21.0000000000000000
0xe10f0e9532b3b340d188b32a8f10431d35136b20,21.0000000000000000
0xe14950bfbcfd5b209cad4138cb5e21b8d35632c4,20.9534596651445967
0x8680ce4112452ad0f6265103ba6218be767539d5,20.9426128868594622
0xeadc1d01618e3785f366db32fa451afedd28d5fa,20.1126585489599188
0x261f436676cfa456a8f086a850160e97550aea9c,20.0369213597158803
0x53c95bc4767800d6fe87ff05e8c13b8c37f13bb2,20.0000000000000000
0x98844642ab4fe199a5331330b5418847caa5653a,20.0000000000000000
0x70f264a331a9c3b3248537acf2470d963be741e3,20.0000000000000000
0xda8930cacb4378b713d21c6f7b44fc661dd29ec1,20.0000000000000000
0x4cd7d00dd56b41f814c00286f4e1551fdd0d1a73,20.0000000000000000
0x75c43cc45605654a3760569567b852488f84d9c8,20.0000000000000000
0x5ebeaf3f9dee033c12d527d7aa18478073833080,19.9937919837645865
0x3e832420db4ffccbc1f2d3a25944f99498740a05,19.7983125317097920
0x1ac221deb767fbae9577177fbe1c85554613b062,19.3316539827498732
0x0f7a5fbdd872481e5e0660b19c81db2b220c3d97,19.3286605783866058
0x1e371c95e4d70155f342b34e8c271fbec9ab5075,18.9968467782851344
0x56fb82cdf1eba7d9d75a1c0961c49ab654b818c2,18.7582019279553526
0x166e58ea56399d5809fffe195196554e9934bff7,18.5832135971588026
0x01b0f3f0d254b8f46c73d3063b54db642cd9e44d,18.5620395738203957
0xe03c31a99ae6cea165eca18ef3071fa1c5c22ef7,18.0447407407407407
0x1c0accc24e1549125b5b3c14d999d3a496afbdb1,18.0371258244545916
0x2a5b95c0770bd74b66d7214e60ea6619fd233687,18.0000000000000000
0x5927c08a0b27b3f36157089f907a9588bf25eb1d,17.9954464738711314
0x75fa1b00df30a65f8fbd1c554f7cb2191d65b997,17.9950228310502283
0x4dace5a18a8c9d4d5f0a01269df49e3cc2b52750,17.7674155251141553
0x395d48020ef5e29168706e16258db6c6c4d7d317,17.6766950786402841
0xe6b5a31d8bb53d2c769864ac137fe25f4989f1fd,17.3919761542364282
0xa0eb8be35451236fddccd97f7fac47301ccf6189,17.2049649923896499
0x5d327a51da5ba2c3ea2a0f4a6a97e511e5254ea8,17.0597924911212582
0xb39d022edf05c31e1981f4f4d8137dda9c57cfae,16.4664505327245053
0x8bd5a0655bbce1133434683f3222a5ec6db270a6,16.3483064434297311
0x9c2526a8ea4db5e0e6e5b72845aff686a1e62484,16.1181481481481481
0x27ac829a306932ed98aab8707accc35d577b432c,15.9231638762049721
0xf29d9bc8b46b2ff26867bed73ba2def0e160bbff,15.4313307965499746
0x6ea3b6b7c2230f35df054682d758e54c101369ac,15.2128741755454084
0xd3c43ba016ef497cc2fac04853cd6083d61b3e72,15.1416336884830036
0x2dbcf3aaa13467c752d0bd45da37bf350e5b7a44,15.0211537290715373
0x9b18e9e9aa3dd35100b385b7035c0b1e44afca14,14.8516220192795535
0xe456ff3e321be2675a5aeb56b3623586254c3419,14.7727108066971081
0xb5806a701c2ae0366e15bde9be140e82190fa3d6,14.6835190258751903
0x2bfec5f4b7596720aeb203075bfc7d1153214f0c,14.2368609842719432
0xc1c47c47c0cb4e6e4e6cba1de405fe8b06b8e564,14.1963840690005074
0x9d61883b7271d3be971aa1cccf50979946e29de9,14.0000000000000000
0x51cdc5028863578f0ccfd60392a0224291264805,13.9313871131405378
0xec90c5c5b1a32ffa88a54231bf9e3ee7166461f5,13.9265925925925926
0xe18f56c03c54f233ee97a1817bc6464f96965d5e,13.8714307458143075
0x91aef3c3b9bab2c306548269ff9b6771f2b107d8,13.8636453576864536
0xb5a016c8161f600b3c037091933936e2264f1a47,13.6399619482496195
0xf862fd9f58957511d96e4504aa683691ebcef776,13.5199269406392694
0x5137effcd237daa841a677cf8627efc2eae7fbd3,13.3337087772704211
0x1e27be9da2c48297f26bf67a7cdc8c82760d754e,13.3094571283612380
0xd15c36215970106cfc43a8b0ea02200a1244fde8,13.2801887366818874
0x2df10f526b0c7e174260c80f311e385ea94a1d37,13.1796884830035515
0xf3ba41edcda59db360e82e755e771d91ad1a531e,13.0637498731608321
0x70d34b45264b5f1e67ccefa9c23da80d042e161d,12.9476336884830036
0xf5794543cf6055ae710e9c8e99e31343cea004a8,12.8633587011669203
0x1284c28fb9105a9846ee71aafada55f82996b7d8,12.7284860476915271
0x2bda946a7740b1ddb0fd5c226819170c4dd15720,12.7080608828006088
0xc814c6e5863bf4e3702fc97d0c08ef3ec3c4e573,12.6852135971588026
0x919bcfd5f3399eff07fbe1d827864bbf1e4b476e,12.6639452054794521
0x9d40dd78d9f03182eed194ba8189dd42af172f0a,12.6421212582445459
0xc3d07a32b57fd277939e7c83f83ff47e3be5cf62,12.3718244545915779
0x5caa08fcdbf014c63176d904020a37e29c80707c,12.3336453576864536
0xf93b3305c24f39fb0a645f93ca551e47dc6c50b1,12.3321613394216134
0x1f012fe2035c703e8ec3368ca7393cac473ef4d5,12.3317453069507864
0xcbdee8b1adec96c9de569543a8e63d921804e1a6,12.2914997463216641
0xa810c5e03af66dd15fa647e206faa0d4fff74856,12.1825839675291730
0x9c3a989a11ba324daf9793049a4969024aba1584,12.1454287163876205
0x455f2efa82f34bf8a81de348a7dc397e6aa52035,12.0000000000000000
0xa67727316be79e3e80fa8bcd65cc251904c2433f,12.0000000000000000
0xb731ef1d26227e1edf48f9833e6b48eb11154917,11.9956062912227296
0x1010e5c21d3b084cfdb057e606170c59475aa8b4,11.9949670218163369
0xd234855b3a12e99d78e6cf3fb2488955bcaacc72,11.8371511922881786
0x6689a2ea2b7846cd1578ce5c8116f5a0837677e6,11.7990908168442415
0x95ed2e550a3a90232ae664312280b908f91c5b07,11.5120629122272958
0x5f055f332c4a5ba920d934ff69cd1bf747ece5b9,11.4774632166412988
0x73da45b0a730e7419330177b1964ed0a42cf6e66,11.3502683916793506
0x47b0b5183c5149ed054603f5495bea95bf1b3231,11.3317833587011669
0xe1da425d1880d3243f9dfd3c9c2c3f09e73acd6d,11.3093810248604769
0x7b13c2f7aaa8c772bd0a13a86b0cf633faf790b0,11.1581243023845764
0x66f15eba0eae3be35eaa1824bc46a9670c8e3f13,11.1373490613901573
0xdbf42635498a59071eb93372c93392d74ee067df,11.0000000000000000
0x6d5eddecc7528c5c06b500d5188c13da1885c151,11.0000000000000000
0x1e0d4a10a3d2b2efcab3bd98fa046bdf6132d676,11.0000000000000000
0x639263b362c3167dd9d1f4b1729038f6b004000a,10.9951390157280568
0x67a16655c1c46f8822726e989751817c49f29054,10.6869046169457128
0xf342da0469bce53737407809ad7f120e0ab38c2b,10.5193947234906139
0x523d007855b3543797e0d3d462cb44b601274819,10.4343358701166920
0x9062a96b9e947b2b57283e705c97b871f5eb6561,10.3985494672754947
0x39320a10bdcf99a8d10ff3a1fb04ebdff16f337e,10.3320243531202435
0xe6818dce9aae980ff1ba21885f6b56f8854dd8b0,10.3266484018264840
0xec23615309aa1f56d5d01647e9c5d562ff375ba0,10.2445636732623034
0xac600528f0db09ccaf68a5ac7c67f9da52699447,10.1836600710299340
0x43026602169c73ea7e21a8bc37d5027dec9b1bda,10.1171709791983765
0x91628ddc3a6ff9b48a2f34fc315d243eb07a9501,10.0000000000000000
0xff1d3a03dfb97fee7e96ffdc081b3fcb63a86d08,10.0000000000000000
0xd6c35b96192e1bed03535ed9cb7043292309910b,10.0000000000000000
0xae9d0b9ddd1b96087144c4730dae7f42b237681c,10.0000000000000000
0x0df5dc844a8c72acd99e011a009509d6bfaf4dcc,10.0000000000000000
0x0e530d8a018805aae4675a8560af8b81f281709d,10.0000000000000000
0x3e83a070a88eca9e4e0931ed3abc88e681cb1de0,10.0000000000000000
0xc35677a8019b4cb9c9914724129c18f13a781f02,10.0000000000000000
0x09f7c216d9b33d2c706dc6b66d8225a62c8c9694,10.0000000000000000
0x5e983efc1e622dba446fe7a48f64dbee4662551c,10.0000000000000000
0x188c2f247a59c09b29ede2ef1104e80a903b13d0,10.0000000000000000
0xcb535436a6f16909de17d7e8a140eacfde657c0e,10.0000000000000000
0x98a9803c7701886db3582738051eec098aae5677,10.0000000000000000
0x289c214b4b11f6bcd3276a370eb2ef14f30546fa,10.0000000000000000
0x0ce8d053dd3a35e39f07d088d173bcd6b3d009d5,10.0000000000000000
0xbfa28aedb01620ff7d8af39652e5cf0b485542b1,10.0000000000000000
0x21d67bb402e7e157b0420248018fb1df2d6c4641,10.0000000000000000
0xb0eb8b4003fdd74f3c7994fbe5fce95ad10e3bcc,10.0000000000000000
0xcfcbbf4d3e726a5e5102d0c9bdaf730584a0ea07,10.0000000000000000
0xabfcd0352fd6c55198796f232da2d40000d3b584,10.0000000000000000
0x591326490ad6dadb80116b04ddd521e57ba22e2c,10.0000000000000000
0xd057daca3e27a8e7d0efd12e26cc65d3c3f42574,10.0000000000000000
0xc495ad35fd5ae432970087773cbb87c9ec70aebd,10.0000000000000000
0x71ea92992a66d8f82b31893ca46beeb169b8650b,10.0000000000000000
0xe1d1dcd07e6aa5b55de50f9d561e6bf9cc10a4f5,10.0000000000000000
0xc35c3c4745955f94048ba7cbaca76285086fc12d,10.0000000000000000
0xd4053424be3e5ef26da0fd05da41b5d903fc9394,10.0000000000000000
0x0a194309f57b4ead86dae77cca09a210b61495d2,10.0000000000000000
0xc03c26e3dae3609b5963006ee9c1800c7c624a4f,10.0000000000000000
0x50c6088d0e4938a77629375624ae2ce93a191eac,10.0000000000000000
0x59512422af0709c7cab8285838975cd8d7c7ce7d,10.0000000000000000
0xa1e63c0f203df1314153ad6648bd38fd99774d85,10.0000000000000000
0xa8c3ad1fe92c91aed8e2b8aa26d477f650c203da,10.0000000000000000
0x1604d5cb6a6428d2480c360c3fe719056df8e249,10.0000000000000000
0x5171f69332764105c4440bb10d18b8b804ea8c09,10.0000000000000000
0x045bfe08bf366b3fd3fb1abf3ed1691ab1381e63,10.0000000000000000
0x996c0c5506395c0a2b766ac528d32d04fc6929d6,10.0000000000000000
0x936e971c4f6acdd7b9c76b564d49fe5bb5903fd2,10.0000000000000000
0x41ac717b7f614d9a09828b152b2bfb08dee9dfff,10.0000000000000000
0x110316d7d9be91dd13be6146a2302da539422699,9.9968036529680365
0x9794cb4414edf677df71d1d323f6821cb0fd64ac,9.9967681380010147
0x44ea531e8316f57349b2565f7087b6940a1b7869,9.9966717402333841
0x160e21edc8a27b603738eec619038cfb1a94f25c,9.9956240487062405
0xead2f440df2698d4bc18818085fd7218833487c7,9.9955606291222730
0x89c09d9b863429c5791bc9f9e6189a2f1d6c97d7,9.9955428716387620
0x21b8c57503397c5800b16f1b8fd4c48a0618e2f6,9.9954819888381532
0xf7391432cc8da81cbd12cbf3b0176c35776d6801,9.9954642313546423
0xf5d767bbe080a3c4966943950070fc9c209f7efb,9.9954287163876205
0x87084347aebadc626e8569e0d386928dade2ba09,9.9954033485540335
0x6fa3d47d86a0bec538ddec25a1a081e89d010764,9.9952612886859462
0xf22a8f7ba6b2c5beacf6415c426fe8f3783afb8b,9.9952460679857940
0x73df004011e2aa83bd36edc15f45001fbf701043,9.9952257737189244
0x9e811cafa01f9a98b5be26942c594d98257024be,9.9951902587519026
0xf588dc24dd2a1cd925be7dd4c43d990562fddaa0,9.9951496702181634
0xc10d3936ec12484809bbcf5f5f68331f65dd49c2,9.9950989345509893
0xea60c2718a0c4a80a898df7ca9210f0fb3498591,9.9950634195839675
0xd5c3ba615473d785e0fcfaef18712c291e180eae,9.9950481988838153
0xda1e2887a552fb68379bd82238a68c49c37e285d,9.9950076103500761
0x4e0441b1dd36dfdc159455ff895db8b1c9b5b921,9.9949923896499239
0xad2b08f878c0be4c4162a72bbf7c0f547f93bd9f,9.7780639269406393
0x8c4d3ddd3e14d08c9722134a9f1cd1f5626069a5,9.7367884322678843
0xe922399aaf629dea63987f2157b0ca7c44f4de90,9.6255469304921360
0x30b92e5fdcc712732ef1a59729c14b43d7ca31e0,9.4137737189244039
0xd6e0274f3f76d20800ee9ca81d5db650868ac25b,9.3337975646879756
0x6468cf1135ca5b7867f7803f127e8fdab88cc1bc,9.3337848807711821
0xfb5caae76af8d3ce730f3d62c6442744853d43ef,9.3336960933536276
0x5583b95caef63734f62183c59f29e3683c193c38,9.3336580416032471
0x311a3e9b5624ee06d09f095e719b886fc8892e47,9.3336326737696601
0x0c308696fc12b490c5a6b3df3fc21f0e597008e3,9.3336073059360731
0xd505fb170337e0793d6ddec8f5933a012481847c,9.3321867072552004
0x19109a72cf8f85699e6520f01b424f9daa18a846,9.3320370370370370
0xe3610a0206ee3fcabdf5b539e24f5b6f0334f22d,9.3320091324200913
0x95e2796cc5029f6d64b07ff9c0652595c906d35c,9.3319736174530695
0xed9e2e1c9a80d9208a5dbfbae139f66785622e78,9.3319355657026890
0x3598f8a0552f6132669efa1c50990b176c3846e7,9.3318848300355150
0xf2bf5bc107cd57521513cba5abc12f156b17b4ea,9.3318721461187215
0xccc66c49e916e0c4d84bc433e46fdd8cf1d36848,9.3318340943683409
0x167f2359734c5fcb69c8ce9d9710196e3a6a8fe9,9.3318214104515474
0x938f10800b4d2b558026dce858fe58b615288361,9.3317300862506342
0x7ca19667f10d8642cd9c9834fae340db58ac925f,9.3317047184170472
0x27fdc06fa74269b145e48a36c139ae5027aed57f,9.3316920345002537
0xb9176184b03f3c3a942d4ddfdaa9fd5426e1712e,9.3316793505834602
0x9f131cc86f954bfb1b88b348a10b709aaa9acb63,9.3141501775748351
0xff301b35917a5178d9b2cacacf497ff08a84850e,9.3141248097412481
0x70c9681d92e307e08c5e1bab62cdb246f84f3614,9.3140487062404871
0x496ad746977bee77c709c0dfa0028dcd8c79e886,9.3140233384069001
0x9cec5099ba45a1f1a28eec6d8c251a5cbb6f667f,9.3139979705733130
0x21a35a05825906a7bcbd69d905b45099081d6029,9.3139852866565195
0x951ebf0e4a3e531b22d5ea89a42153a8ec41970f,9.3139726027397260
0xc7b93ce922391c6e1908b4017f283e986185409a,9.3139142567224759
0x9759fd9b35375b2f9d2c88e782c6d3028cced460,9.3138964992389650
0xd8d48747e9cefbc88a601efaba18a2c782a96a3d,9.3138736681887367
0x61849af0f826269ee5688e103c5938f09c8869a5,9.3126281075596144
0xa2e73c800ae76d506d46e002cb14d1d4a08d3199,9.3125925925925926
0xc0e5f8d9d9f3ed5a4e4b5a763e8f57ce14fa8af6,9.3125773718924404
0x4a4bd3346418a0752983d585dfa81384483bbabf,9.3109639776763064
0xa338c42cd68dd24931f270836cdbddcea4132770,9.3094444444444444
0xeb839b1516ad089861a38e74053c973d6d1b3236,9.3045357686453577
0x33caf1e780fc8a92247f42a220caeafde3b5d553,9.1808280060882801
0x26dc1ef730c30833aa36e381aa92e9beec36e15a,9.1788254693049214
0x94cc385c5fd08d167099b788b4bed50632dcd6b6,9.1438051750380518
0x57f3dfd2675615978808285b74d6188caae37007,9.1437798072044647
0x8381b7f0477da1514670a64b33cf682946730701,9.1437671232876712
0xbe1d5c8cf522307d1127f346da9e096f7abb28bf,9.1437544393708777
0xf707342f0e705bc964646de331d4d030ed39cb91,9.1436656519533232
0xcd4cd57ce3220fe583546614e79691cdac3de2b2,9.1436149162861492
0xbf938e8a0480b1901e672e2fd476fa813920d203,9.1435514967021816
0x77cad05f3f5974fc3170cf6f8c1bfe255172c646,9.1435261288685946
0x447e8577fcad4463e83cbe51d1958d6eb1c2c995,9.1379502790461695
0x68c5f6e71943431a2474cc2df87ad523b8e7573f,9.1373363774733638
0xff6f960791c02bb1ccec29366ac441110ea8bab2,9.1373110096397768
0xe3ba49d545cc55ed63fa1510e32a645dacac0878,9.1372983257229833
0xe9035e3010765b3a8098840dffb2096af479bfc7,9.1372856418061898
0xb1f0d69aec85e86fe20102baeee088cd74095fb9,9.1372602739726027
0xc14b7b1312c205f52615e5bfd4f37b96ca853ef2,9.1372349061390157
0x3a2e66137b0e1d220e63eca4ce6a71a079466e1a,9.1372095383054287
0x79f72bbd6fdbf7e533fdb0de26c586809e624b9f,9.1371841704718417
0x83827b8525e11cbafdf1fc5e60e1d9e9df470897,9.1371588026382547
0x6897abe0fd62b589260784b21f4ca3f78a0d8017,9.1371461187214612
0x04f1a29429439269d10cd7b3f94fcf23a152d077,9.1371334348046677
0x1c68cfcb8d95a0469b37127a64a42086e121dbd4,9.1371080669710807
0x670647441d9c24d981923c9293a2e4eae6d0c8b3,9.0353191273465246
0xb22e9a1b8ee50c09a59a2ffaceef561e9d69a493,9.0000000000000000
0x91485c87554716011f7738246899bc7b383d8bb6,8.8591496702181634
0xfc8922b86d48f22d4ece91aaf516b72de71f6de2,8.6856600710299340
0x35e2acd3f46b13151bc941daa44785a38f3bd97a,8.6785149670218163
0x9e817382a12d2b1d15246c4d383beb8171bcdfa9,8.6616286149162861
0x26358e62c2eded350e311bfde51588b8383a9315,8.5952607813292745
0xf9fc7c85de39f5b36f99a9ef5385d3267584ac06,8.5196326737696601
0xeb84e0a3257a466da119a897b127537054fc50ec,8.3988538812785388
0xef98bf64596c79b068f0d44e9bbf1e5aff374cd8,8.1433840690005074
0x2e920da32e715eebc92576b6ec83a3cded17ae09,8.0826788432267884
0x1ae4f1a178abfc6b7c90da19917676b82c698e4b,8.0380152207001522
0x6b29132ea388a308578c1d3be068d0e4fc9915a2,8.0000000000000000
0xabac6904d4d5f289fe8f5a3a261f7b6970c9386d,7.9493460172501268
0xbb26a563caef9f0bf5bdf0aeb30540b0b66c9d40,7.8703830542871639
0xeeeeee724f2554b594613f428283be54f6b99605,7.6943642820903095
0xecbbc62189b18902e9abe7236edfa7964f7e3381,7.5791334348046677
0xb4ed67db84e1612babef04b339a9ac17b10dda50,7.5768554033485540
0xf039e5291859d1a0b1095a2840631e8ebc00ce14,7.4719452054794521
0xae926262e29926abcb4869b68c79401f13f44426,7.4178066971080670
0xf012f03bd16e7c24ae3a8e89a4250440a8c6da36,7.3988919330289193
0x8b7733cff986c1b4d6de5268c9db5d26a625382d,7.1666037544393709
0xb22981ba3fe1de2325935c91a3b717168fb86714,7.1398985286656520
0xfeff33456de40aa9ffc85b796cb731b91ea6eb04,7.1280730593607306
0xa95fbeb624472b99d6e2b9ecc688e83b79754de7,7.1046940639269406
0x96f959901d943c351ea5016b2d4d2b6f5fc79a1d,7.0493099949264333
0x356baba714f1662dbfeb1d29ee946af467d35d7a,7.0000000000000000
0x2018309b3fefd683126e7d7c517a549fcab99c73,6.9579223744292237
0x1501943d0223db29690323b99a86a6e3cefa1abc,6.9566392694063927
0xb4c6cd003b9d3d5d09cac17e58ea4555cace1ea3,6.9378883815322171
0x8096c7b18a8291897839790504a08a94a8a357ca,6.8402800608828006
0x1b08e9621a2e026ef851b596ead0f98f42a1ce67,6.8171689497716895
0x4257b295782d1ffcdeea68218ab81fb526fd9148,6.7375225773718924
0x0eb21ed8543789c79bed81d85b13ea31e7ac805b,6.7338163368848300
0x94a5bb7809fdbc71ab817c87d03a08f4f47cc48e,6.7058711314053780
0xe34e2df841e5a6352b0ae8bd5a797544f11d7e89,6.5875961440892948
0xf35960302a07022aba880dffaec2fdd64d5bf1c1,6.5824312531709792
0x25f965abd0fb8c01d6b0664b5dc7fde4a6fab26d,6.5664414003044140
0x9018c598570c49673fbdf897ee01d249425d7c7e,6.4861598173515982
0xdfddcbe35724195fecfc7670d80c8ca98ebcf441,6.4651121258244546
0x7733305ca2768ae7249cea555452fdc5ee01cc0b,6.1917630644342973
0x42fc62b9e79209b74ef9ee746498242a572e174d,6.1541542364282090
0x1c9f765c579f94f6502acd9fc356171d85a1f8d0,6.1349629629629630
0xcfd6d3b3e40ec418495a43ada7eed6019547e6e0,6.0745672247590056
0xe57f3834700e9fe0166c97be35e97a053d1ac5f8,6.0500040588533739
0x479820909725526bddf6c9fb054c90e1f73017ba,6.0377280568239472
0xd8588390f9c0f7826e170ff0bfcc95e3638eb861,6.0000000000000000
0x71c15691e243be88220957c784053ef0e084440b,6.0000000000000000
0x5b0f8d8f47e3fdf7ee1c337abca19dbba98524e6,6.0000000000000000
0x6dc0c0be4c8b2dfe750156dc7d59faabfb5b923d,6.0000000000000000
0x9758106dc25403609105e10c11184bcaec93b40e,6.0000000000000000
0x35cf5d4edc11356699613720fd623dc1dc9157b1,6.0000000000000000
0x95a223299319022a842d0dfe4851c145a2f615b9,6.0000000000000000
0x5cfbf017f1abda98d53fbafbe925e18dfa91a338,6.0000000000000000
0x3e3672b23eb22946a31263d2d178bf0fb1f4bbfd,6.0000000000000000
0x9f5f121fb39b8cff84f1df4c24e68f5eb1cf3699,5.9997037037037037
0x4aa2e17ba1ee57cf6b835cac32c12521a0b900bc,5.9032861491628615
0x1beba25d86fce53c6bdb028d2bf71abdc9b6a9ce,5.7158234398782344
0x475c4f56764eb8ce137d17af541a6b57a165448a,5.6771243023845764
0xa577c7a303ffdfe6beb3542a39f39459b4a0caf8,5.4752536783358701
0x851f66e2b1fd9c914a12b751ea8bcfc847a90102,5.4622399797057331
0x17ae0a6be2e97b384165626db2569729d5006640,5.4356686960933536
0x1382a5b78fa79b504a95e93033a7c0d65fadcc7d,5.4040974124809741
0x447c9ad28cf9fdee1e104c9a234301eee69bb2e2,5.2863866057838661
0xa3ce1515f0785bdb38f4e2570c18c9ef95282fbc,5.2811608320649417
0x3bda2886f40e4d4464351c5189693e860b5f0705,5.0000000000000000
0x328375e18e7db8f1ca9d9ba8bf3e9c94ee34136a,5.0000000000000000
0x46934b51ddcca042902393e8a033150b253393bc,5.0000000000000000
0x7d678b9218ac289e0c9f18c82f546c988bfe3022,5.0000000000000000
0x70ae2fac5e497d0e2526042ed74d71e1f46e4784,4.9647163876204972
0x76c75e05b07a45dd624dea88b8f7db2075b7371b,4.9469152714358194
0xdf97540fd25f355ba8ed53a9ebbe3d7a3b37ee44,4.9313921867072552
0xcecce5a3da042e8ad4d1e2019b1551d4c898dd6e,4.9256565195332319
0xabb9ab93dbc94ef6197e9f7c9daa1d1db38eb69d,4.9141755454084221
0xe26f076ee5d005a7e048cc2c074eaf0c157619de,4.7746047691527144
0x854a4eeccee584998da1ef24af44362a2a76b224,4.7412643328259767
0x818854b363b90791a9ebc29e2f9c7f1055ee5a4d,4.6927123287671233
0xccb3169266047292862375a478045e471e8360e8,4.5488609842719432
0xb5ddda13b30b0007bbe7bd04af0fe8e44582daca,4.4548391679350583
0xe72c5488acf6ad6c213be94956bb663ba80eb10c,4.3697047184170472
0xf82d0ea7a2edde6d30caf8a1e6fed09f726fd584,4.3434145104008118
0xc1c560f37ccdea19a2da80e8ea656ac724ef49f1,4.3159685438863521
0xe62928b338ac290422f88a3dd2ac45f3d6fc97ec,4.2826524606798579
0x6265b0b21ee156113f279ca3cfd0814f49107280,4.2009107052257737
0xa80f625f864ead6e2a3228c3d5dd6472b41fc8c5,4.1492841197361745
0x280427de6b098b00ca8676913e3c9310009febfb,4.1276428209030949
0xc799be8de03f20b2d3b101e6f6516d614e6ffe06,4.0863820395738204
0xd790d1711a9dcb3970f47fd775f2f9a2f0bcc348,4.0263647894469812
0xc6d3d3b93b9f5797afe1698aaa8ac59bdc88c600,4.0000000000000000
0x1a4b707fc2350069b283a2da3211f70841fa7b4b,4.0000000000000000
0x564b1ac3ac8407db3377bec75ad7062164c82db0,4.0000000000000000
0x017f0b9bb369fc81cec03bc21dfce163eb8ec539,4.0000000000000000
0xdfeb5c3093eeabb44e799b8da9d0b71d2eb37ccd,4.0000000000000000
0xf9f12f065499fac55f031d11d1f1439e4bfa8525,4.0000000000000000
0x2a03437589193a50983c4df6bcadda1ff0c2b6dc,4.0000000000000000
0x1dba1131000664b884a1ba238464159892252d3a,4.0000000000000000
0xcad4523443150883af9f8fb3a177882466424073,4.0000000000000000
0xb69e620f7ef9767e4a8818b189a8a6767f736a1d,4.0000000000000000
0xca7a1a193a02e0520b6b745cd2eb24967c27ca00,4.0000000000000000
0x03ebbfcc5401beef5b4a06c3bfdd26a75cb09a84,4.0000000000000000
0x4141f224af706adf6d111b1a53f7cfd1c7b0abaa,4.0000000000000000
0xa360e38cdf57e092218e7a5f4eb73032ee74a8bd,4.0000000000000000
0xdfd82762249655bb7904afdfe24efd0684be055f,4.0000000000000000
0x9428e545a106a03664ecb8446340c1576b09fef2,4.0000000000000000
0xa0f1d2fcb79ad5aa3c7e7f4c01d0e6e17ef8fe98,4.0000000000000000
0x08ddccb42e5ee1211ae18841359bcd679eaa63ec,4.0000000000000000
0x5334b7fd8f239f378101fd8bc19a3a2afd6a7eca,4.0000000000000000
0x615beec90790d95b1efa08f8db2962e7df0b47d5,4.0000000000000000
0xeef08f7545822ae5df4d7b121013b931d8971466,4.0000000000000000
0x69f25c3ae70e137fc2c2f034e21c6464d6affc83,4.0000000000000000
0x8ae6422631292c31aeeb2efe154d6326f703f46b,3.9997138508371385
0xe4c149ededb60f23474d729a753339fc9a1cc582,3.9981410451547438
0xdb697f63f210c600608c9002f79f21ddb63c84f8,3.9971567732115677
0xc394f9528ca5387a89928efa2e8b7ae61b8459d5,3.9867559614408929
0x6e60121d53a7ddc2f98715255be469f12e5dec6e,3.9783033992897007
0x98310894d64f921a7d2dbd7803fb7b20a5cd1db8,3.9705712836123795
0x269bd5213fb3d98e540c91f9b841a7d0cefd0e7f,3.9653556570268899
0x9cbbcd3b4129b1c00f0cd851baf118ebb0c4f168,3.9640669710806697
0x1d7823cd3650b43ce782ada1a3a8893dacfff36e,3.9634175545408422
0x0cddfea15e21fc2659c1facc096572bbef29253f,3.9530065956367326
0xf791da446d04282f921f38fbf954ad5caee899a3,3.9445743277524099
0xefd79dc8c08762156a2b204743e3fc9507f07f4e,3.9426362252663623
0x3b2cba3423199f73924ad609fa8eec504e1fac1f,3.9413170979198376
0x9122b27c61cd4cf778bf7fc0147d152c8d5074de,3.9406676813800101
0xef7f2e81ea14538858d962df34eb1bfda83da395,3.9309365804160325
0x4ee7ef75ee8b715488cd5a4da04bd2d9adfaa47c,3.9166798579401319
0xa7322890777ee0edfdb9ca251c8bcdecd40ffedd,3.9108249619482496
0x95678aa1c6a9c14b601be40e8036a2ffd5feeb25,3.8978366311516996
0x055d65e7213c9c2fadad2d2efba9ef4c8ad9f970,3.8458122780314561
0x57a2eef90cc191c69265ea6982fa3c29b812456e,3.8199066463723998
0x6e62b1e9222f58cac24d80d75e570c36c5e83cdc,3.8121136478944698
0x91a7781356735a74aa69bde618b5872c18328754,3.8101451040081177
0xd2e1180ede022d00fcbe04b989159b284d986661,3.8086707255200406
0x124c5e21a073fb4694308fbdf72af362451eae12,3.8049599188229325
0x00284d2e4b7201f070f7d02bf6c899be33b0aa56,3.7348229325215627
0xf05a83af876e7e3c50874b814949a6b45b06cef6,3.7250410958904110
0x78184e07e264a091a3dda22c34827e6a17fe81ff,3.7127123287671233
0x7710e7e881333fd3396ca5966bed6e72746b612d,3.7107640791476408
0x62e2f894964197a2458d8e8276e43450e9f5b885,3.7042800608828006
0x9b7b2b4f7a391b6f14a81221ae0920a9735b67fb,3.6809213597158803
0xced608aa29bb92185d9b6340adcbfa263dae075b,3.6809213597158803
0xa1771ce265f7d7b3df2eb536769c27b581696db9,3.6788082191780822
0x046fb65722e7b2455012bfebf6177f1d2e9738d9,3.6698914256722476
0xeb9084e99f757c850325f6a83fc94842e6ba80e2,3.6615692541856925
0x34ecf17d50a988c0e6192e8f13cee0cc1bdfbe4f,3.6499665144596651
0xf5887ec452895a32a91e2f0a9ef72fa4ca1760e0,3.6224738711314054
0x7f9320a48f563153d2d3a877a26ea8a878e50db6,3.6198762049720954
0xc3d696c268503df52781e32085110c562f40333d,3.5906423135464231
0xcf87c7dfb05e943ba38f41f1f8a839015a1e26ef,3.5854469812278031
0x1d3eb92e0b842ccc0c25205469d2c06e2f28fc83,3.5838193810248605
0x0eb44fff91fb8dda6e8d80525e17b264d0b7f260,3.5796123795027905
0x78641809db1001ed1aeb0bd716a7953660315e92,3.5741780821917808
0x376ca6892ab19bfd90515257b5f6b31561c300aa,3.5683105022831050
0xdb48e333ffc114d93e5d2db91aaaa15b923ac5ab,3.5659847792998478
0x3146216c2ce5a3646e0ce310e64fa2b0098a4a32,3.5588411973617453
0x2beba030cdc9c4a47c5aa657974840428b9fefac,3.5523470319634703
0xf3b06b503652a5e075d423f97056dfde0c4b066f,3.5490999492643328
0x77705fb36bffe99bb2ce067744a53722e369d59c,3.5490999492643328
0x468325e9ed9bbef9e0b61f15bffa3a349bf11719,3.5471466260781329
0x094b91804f0828205a7409329b4e1b4033a4d441,3.5464921359715880
0x40c904d17e2e58ac98c78bb6f101d27fc50ea969,3.5406270928462709
0x49e5c693dc0cc586b6e29e2404b17dc0565ac12b,3.5360202942668696
0xdd23c749dae0090494b5c127a13e2328fe2852ac,3.5353505834601725
0x15123ca6697d37264b7af82926c23209b0de71e2,3.5346301369863014
0x825866cc2def5bffe5a5c54df53e8840cd146de8,3.5202871638762050
0x3ba2bf4709ed06ac7c3d35caf2f230434aabbdd3,3.5196098427194318
0xb0e83c2d71a991017e0116d58c5765abc57384af,3.5192064941653983
0x444c996b74631763ce0c406fcbe9aa13d35f395e,3.5185469304921360
0x8d5469c906dc6f2185ac0ac523ec8313456e65c7,3.5172683916793506
0xc483287d7e6d2d5427444b7b5690794d5c886c27,3.5146732623033993
0x86358a2d9a39d34d14f419c4b6345e9e80c0c83d,3.5133515981735160
0x6e50a014708a762d3e859d83b16fd9aca09d4b53,3.5127123287671233
0xbeb2f58beceee7db98ec749bab045ac7c9d3b2d3,3.5075271435819381
0x8c0e1c1b7ca56cbf74b88de1c07e0a7216ee90b6,3.5048990360223237
0xe2ea5557e5194e477d6262dc9e37db2cbe237efb,3.5048990360223237
0x3994f66c777f18b0a03297c925e4894f15db6d40,3.4925804160324708
0xdae005395074c3073328adff5a6bc9196b1ff977,3.4906423135464231
0xf733454bb020b76cfc9c4ad80367bab412edbffb,3.4809010654490107
0x0539b938a5d9fba8826498d960117d51fb0a2006,3.4789528158295282
0xf78936d9dc220a0b7f3663e7857a148e11a671d7,3.4735007610350076
0x2458f163c231beaa673c903894060430cca101be,3.4652146118721461
0xe37f18e86a71393781b9773a8f76e98abae89097,3.4529457128361238
0x3a0e6b374fcc051172ab4fcc3599f245bbaf02a2,3.4523064434297311
0xec73df5818e7aabe13a8df21f867b259978f7aa6,3.4497189244038559
0xefd26387fb7b5d391b4b855a05ebabad7e358570,3.4484302384576357
0xc44e4c49ffa5db98ca52770dff3e371ecb01f2d9,3.4477808219178082
0xa61301a5199671ab6c5d2e21c718fddbdab778e3,3.4432146118721461
0xe1f7dd1bde1bd8004c5ded542be13579662fd459,3.4412562151192288
0x778549eb292ac98a96a05e122967f22efa003707,3.4399675291730086
0xc2b00d3bddf7529e7c9670b0f9679ecbcd78fa35,3.4367229832572298
0x6d927eace56d945ec6706de43bab9579fb42ad91,3.4250208016235413
0x9366ee60a7bf2061ebd96e241f1bbf23646f38ac,3.4217737189244039
0x9dc4daf7eeef45cecd5ba77e888d4b029f1de0c7,3.4198102486047692
0x82711e6c2d9afaa0536346356e8e66a01cf7cf44,3.3827356671740233
0x461d579327351f97dd7d457f70852317063af230,3.3496276002029427
0x379e423fecdb0acb328b9b211f23d414abd3270f,3.3483997970573313
0x0b32c8a52eca9f513e0aeadb4c2fad9c40faeaaf,3.3445032978183663
0x1ab9107905e5463d5a2981e809b9bf75a1e7cb7e,3.3425347539320142
0xc6bc5450bc6ab966bd99d519d8d9093eed6b389a,3.3412460679857940
0x6b1b878884cdd08bd69bbdea52e3c434f628c68e,3.3389660071029934
0x6ab7b4550698fe1af0c7cd9c1ed69eb383c48257,3.3360608828006088
0x6ede6fcba088e981277127886a766037918b5b7b,3.3022709284627093
0x8c30d114b6ba0b1eacd516aec4f13341d703e5db,3.2977453069507864
0x4d0bc03aae123a0ec8b32294e3cd7f468752a2c3,3.2951476407914764
0xfdf6576e21641a65bccea63b576b3d29ffc2d12f,3.2730167427701674
0xed682972bc0d52c9f9e20409a5fa6108052fd5cd,3.2535849822425165
0x3d605e507d8eb5adfdeead011b3d52be84b72dbf,3.2483896499238965
0x67017bebe2a4b8645b28f83d5d472618b35a1230,3.2412460679857940
0xfa4e65114d9c63dca0991827096082156a9d988b,3.2405966514459665
0x10f855540d194d076d3a0874196cf8026b08682c,3.2340923389142567
0x5acbeb30fde4049a8fc928f562d9ce5fdad59d32,3.2328036529680365
0x11b1785d9ac81480c03210e89f1508c8c115888e,3.2301856925418569
0xe602d1d6a52b5022a81c4ee7020292261bbb6f17,3.2250131912734652
0x2ec2331809f63b64ea1f4f34b51d992fc0d3e683,3.2250106544901065
0x0cb0f554a2e8a5b7b5634f37840b037214925815,3.2236610857432775
0x121ca10804aee448799e4b1aa90ab077f9e7786d,3.2229203450025368
0x3332b88ef10a1efb27cc66888aafa499a454c133,3.2165377980720446
0x331bc57776d76370e87c421b981b7f373f40db5a,3.2081055301877220
0x74a9a3fbd71d346405543fe4500bbf5677589ac4,3.2035494672754947
0xe72f741165cb9b33a1356ec69d2f8227577baace,3.2009492643328260
0x0e132164d513179613341df2cb481d0498219ede,3.1957564687975647
0x546457bbddf5e09929399768ab5a9d588cb0334d,3.1775525114155251
0xa1ac29e72d6111e0c0f8f937ba6ffa1bcae70ce6,3.1678315575849822
0x974d64982dc565b9b134ba6d9e4dbcb201c4fc1f,3.1658630136986301
0x3671c991d7ea3830699ae0ecaa43146c3f35ad22,3.1652338914256722
0x56ade75750b3b0f7629e77869b178e2edd360f29,3.1598143074581431
0xada5365953473776e03a4fbd972fb8d8e55b439f,3.1528386605783866
0x285cc5128f158788b789b00eb6a8536405d22625,3.1243206494165398
0x87db9dc3d3c0a8f7a8d865a558b1d171a56f0491,3.1243206494165398
0xf46bde62be1ba2ef522c7f5c5d65e156178598f1,3.1230421106037544
0x96e1d9132e9dee088cd79cc664316a16dfe490c6,3.1217432775240994
0xadf6808e534a4d3991341adc15d925dc4123f168,3.1217432775240994
0x58079b9abe3fcae01c5d34df6b215f5db6243d7f,3.1204444444444444
0x76d37d945582b028f8b8bc491931fe23019ee723,3.1184251648909183
0x592ff946da0083aa5f944f200f3f5558984766a1,3.1171618467782851
0x500ef91da591a84e00e9aeb6698a18aafa686599,3.1131790969051243
0x449d6fed57cdb629bc1cf4539320db06fa8a5516,3.0795109081684424
0x5ea12341d073ec5a1226b85f0478413a19081535,3.0788310502283105
0x19f5843007ffa72b3eb9bda73888db1319a0cdf6,3.0782120750887874
0xe75afa985de4f013accfc8b4dd744551c6eeb5a9,3.0775220700152207
0xd2fd013d4d2c094115d6b581f2f49b3cadbc9139,3.0769030948756976
0x6292aa1986771b45eb377e5e39d3fa3a4352f057,3.0704089294774226
0x4d58d36e46cf9af14e416061fe5d0074780b4099,3.0681582952815830
0x46f3f5133009ab578c4395ed5845ef3ef970985f,3.0671719939117199
0xe4c6a0928f7d6f62cbcdec3771f3816c687e81a3,3.0658731608320649
0xc0ffee47752e9c35e95a72757fe92d71155f8077,3.0626159309994926
0xe1e0d8b3fd45f565f6f8002443c9187fccb0053d,3.0621917808219178
0xf78cd306b23031de9e739a5bcde61764e82ad5ef,3.0600182648401826
0x9fd8f4a97d35b4ff4f8acdf3a54dc6764ffbca08,3.0580497209538305
0xb1d36f22f65aad02f79899c24382802d30c4c512,3.0574104515474378
0xfb8f346e6411a18c5caa6c894de699435ae0fc64,3.0541735159817352
0xa3aa43358c0fd91ab0b652a8f87394f5a05f3ed1,3.0509061390157281
0x6f278ce76ba5ed31fd9be646d074863e126836e9,3.0470197869101979
0xfa1102261ee4c394b17c594dcfb26cf55895ec15,3.0457311009639777
0x890b6b0b6083600484cfb6605b86ae8348687a3f,3.0450816844241502
0x0af2106905dbf02a0b34c5e0922bb483711987f2,3.0340416032470827
0x40147f409360888d8411c3b0d6538cd25f42f80f,3.0333718924403856
0xd4cf6469f9ea4df66cab60a7235d48fb76d4635a,3.0308046676813800
0x715153f6c29a101f79bc081302a0a68440da18b2,3.0000000000000000
0xeb34cfce66ebc083225f4e9c2e58436f4fe64289,3.0000000000000000
0x4bb24ce37ab8a1d87448788c1794f1a3513efc9b,2.9872836123795028
0x3d29678417902d0e4720ed23d3239bdd875409c2,2.9820984271943176
0x2d194f05212d72ec701f9dedf05168e9edbcd341,2.9749548452562151
0x63eb17f24fdf1a9e286831fe21acf72c975e88fe,2.9748249619482496
0x3d33e3659a9f00986214c4fd2d2352cd2cde3a6e,2.9710380517503805
0x82db7a852e7a704d2e5d2681dfba6f574cfdfe53,2.9587092846270928
0x9d16cc7a5675b5f825b9cc9fa4c8191b65c5b0f5,2.9489578893962456
0x7c7a9f82ecc1bc6fd4df7ab3593a2155f175892e,2.9457513952308473
0x988dc94b0737dac0c34bf2baec971e04ceb44a3b,2.9353099949264333
0x72c2b08037a64c1ff3e96be8489b6634f29286e1,2.9164870624048706
0x33b9d40f4860486e28276704c1b1831e0e2cc8eb,2.8814388635210553
0x35721a9a79faad8bc44ef1a8188b402109d9ec0c,2.8801400304414003
0xc1774b6ad4786c3ab6e93141aa02743251ca502f,2.8781917808219178
0xe7e84204b7e180454e5c40d0e04d346214a83f85,2.8580598680872653
0x000a1efcb426c493c2d99880ef77c3855a312673,2.8515657026889904
0x64458616c0a14e523620aeb120d9868b7dddafb9,2.8509061390157281
0xb897a7b47bcbad55fddd402260a6707a4bd27270,2.8489578893962456
0x38684a6a718b0dca32fd1ad507242c6ac5dd1fed,2.8379279553526129
0x4e28b70528a3c216116cea66ff4c3aaa5537c913,2.8366088280060883
0xc1bdd1e725149a533c1d56636b93ff18140930e4,2.8249294774226281
0xaf47b63b4cf680630bf7c85e7b168ac0afdc2103,2.8216621004566210
0x9133f805e83acdd37738051940036af1d80ce00f,2.7632349061390157
0x770569f85346b971114e11e4bb5f7ac776673469,2.7197239979705733
0x38f98d5809544141fff59a5bd2464bb50a8e983f,2.7086737696600710
0x5a09c9a24bc24e4b95356ea472f0d1578847342b,2.7060659563673262
0x22a6da63aba2552a174110cbc89dde7a4a62d55f,2.7047874175545408
0x10d3c6c3cf093d92db78af145d19e6533c09bf4f,2.7047874175545408
0x782c93e1c530a283ef738a58b5671a8fc2d8153f,2.7041278538812785
0x3a1066cc1a884b5e66175f5c622bfbfab3f99058,2.7034885844748858
0xcf04f1eb7d9024c519cfb968e15ba01fde7dbadc,2.6858630136986301
0xd21ab84101ed96c10c861f55623038f10e3515c2,2.6852135971588026
0xf58004f4eaeee821fe040ade3cf2a9f7d4037265,2.6852135971588026
0xe788d13d9953488d38871c2dd4aa5513574a2c8e,2.6839147640791476
0x960cc811e5ef36760f5c679af90e821b10385e04,2.6839147640791476
0x0550bed1c94afbd468aa739852632d7e9b4c2f86,2.6816818873668189
0x9b139c47856be821ee788ea6f84377b78d16879e,2.6813475393201421
0x3211695ed0b0c277e7340da9a6ed025463774797,2.6741735159817352
0xfc87989fb40f09527efd0a275975cabcf6c054c1,2.6631943176052765
0x443d4a6bbaf3087702f339089533fe706d166d2b,2.6605966514459665
0xdc502e12488468e55ece3cbad60e0b5e288b2fb8,2.6599675291730086
0x9a723538b2b558277b79cb4963c01f883b162bc7,2.6281156773211568
0xc79342ae9d675aef5c3596d8bfcfccc638749064,2.6210025367833587
0x04c489a929c9e40f2a6c592adaeec098ce40afef,2.6073647894469812
0x243150604d24f91b3456094ac7a16419065fb3bb,2.6060355149670218
0x28a63e5ea686713345e336905465d112c3d9d494,2.5943358701166920
0xe3852e4d06c6819e21931dc72c66ffd35ef89a36,2.5891709791983765
0x148bbd8150e6799d90ae18d47587dec8d5411722,2.5840106544901065
0xe66c066a48be5429e73f01d4a87c45a7c84c07a0,2.5748939624556063
0x3bbf97aa290b65108bdbf00e4c31ead21823e780,2.5503886352105530
0xf253f56f5b8118e9d28cc8dda7316761f4a85fc4,2.5475677321156773
0x9ced362e878a58f34b57ebfd8df2d04e3b46ef13,2.5170857432775241
0x0933224031032e4f79ae95b34c84716a103e348d,2.4956448503297818
0x7e95eeefe3a7aeaed53cf483579f0ee01b0bd52b,2.4813926940639269
0x540e9f78d6265aaa9ad320f31ac38ff2553f6f5f,2.4664109589041096
0x779ff1b02d16765e9324ed137914f2e77e2a0d97,2.4651121258244546
0x1f3d4e7fb13b76acc14f9d237f7745d832c7f26e,2.4417635717909691
0x3dcacd7f44151a6334586e75666fe16f3d80a8b6,2.4104373414510401
0x208a17c5fabe5b90282e5906945ff335e39326c4,2.4061704718417047
0x477e8cceafc3771408d653990809df135d996c07,2.3852541856925419
0x4679c6a025c3385e6b842dfa7a3d2831fa3b1ac5,2.3687326230339929
0x2eab93bea3daacaf98f36fd7e1973c61f5559705,2.3683592085235921
0xd437c061e2a01e824365d1ce9d0b76efe3a326c0,2.3670908168442415
0x596736e11df1c0787685cb9b4212fb55094a779c,2.3670908168442415
0x2ca547f67c2af3b6608a18049c90c2551228dfc6,2.3670908168442415
0x06459321bcff49744c0861200c39ff59bf570de9,2.3670908168442415
0xff3be31d9b2532fb60c2fca05622cf28f489f381,2.3664211060375444
0x9f3c0bf399bdc8e6f3e9cee10532a87d8ac6a87d,2.3209822425164891
0x2814c361bf1289cef2958db2fd9de154f37a8963,2.2891709791983765
0x3a776d82275712bd335cff7afe43efda067b497e,2.2878518518518519
0xd11e5ac326869525b772b8d144aeac4bc7500419,2.2806981227803146
0x1a476ca1ecbae98a2159fc7b8ad2cd89a199a6a9,2.2748533739218671
0x296e51f5d20e9bdc09ae22552b65b1bf52121ce7,2.2547214611872146
0x9fba986ca84cf5a86d22443be56a6593fce05bf0,2.2458127853881279
0xe1aeae6a3a44c8dbfac453e82d55b7c8a6ec1aa4,2.2160943683409437
0x693e8e334e08dbd716001d8f19f3e6b10c36fb15,2.1573191273465246
0xd8f8f33bac7e60055d03cea0498de85a7af65e9d,2.1456296296296296
0x10ccdb235ccde4c3e2a3c3a499428f032b062e28,2.1413384069000507
0x5273611f2caadcda536495909ea87bd2bb9cb9f9,2.1241887366818874
0x24a91c580c6d864702ce750269d9f0270c21f889,2.1064337899543379
0x0c3ef07338d82406f4e49bcb6df157b94a3dcd38,2.1007077625570776
0xf8c03084e6a0e021dd1ea0445c2a4e25339c7a4b,2.0764982242516489
0x0297196d753045df822c67d23f9ab10c7128b102,2.0637727042110604
0x8605461ab0ddf1cfbf70ead8c3c6bbd8cdbb20ab,2.0222201927955353
0x37c5ab12ab77987f7390eae0526a82fad79ec73b,2.0164261796042618
0x9bd24c843bc099afcd2b9746f12da588b6ed5337,2.0105611364789447
0x9124b9ba1935ad7c34e154fd2ce836d72fe4a925,2.0105611364789447
0x5d8180e1907c755ee6de37b5b074000c52856543,2.0053556570268899
0x0a42ebfff50d7205c123529bd33191eabf4eee9d,2.0000000000000000
0xce4ee468d8caedb73d6bb322761ba45dadcf2a20,2.0000000000000000
0x73fd66c3cfa12d46d25b38e2b17372c11471ddfb,2.0000000000000000
0x050ac21c63ee3edddbe27bdaa7a87b0c9f5fd75b,2.0000000000000000
0x3e2178cf851a0e5cbf84c0ff53f820ad7ead703b,2.0000000000000000
0xe110bf3ba619f5272944cd919b31e6f543f9a9b3,2.0000000000000000
0x63d5b8f9c27e66ae270f2316cae5edf1546f6407,2.0000000000000000
0x96544f4feb6e2b19f0e33f5257fe71b576351786,2.0000000000000000
0x249fcab0444ee091763c8178033c43a081c7461a,2.0000000000000000
0xfe0c0d9167d2f25974904131de18650ce2982f76,1.9761522070015221
0x757841d66a9fdd663fc6caea5a0bfd9878f5b191,1.9696377473363775
0x3e79b9f66a76d1ef5708edca1d41fb07b008ad0a,1.9694647387113141
0x053e1be1151630ef9a54e0bcb7f5ccd1503d5725,1.9630908168442415
0x657ca50f85b547a8175207059ae407967af37027,1.9579604261796043
0x6124cd321876b865a4fcba131650ede862e56bf9,1.9273749365804160
0x5e0936b2d7f151d02813aace33e545b970d9c634,1.8919654997463217
0xe7f3722a36f1a08c4db998122553785d94081ebf,1.8683855910705226
0xc17d2bbd5a2400d50408d839ef97c969b645e205,1.8553404363267377
0x6f10409d48650059d0970cde350754409854d4c1,1.8502070015220700
0xc108b5a3521e223b6019253233a8e7e92aaa72e7,1.8371669203450025
0x436b3e77ffd57ea372bf57c07b9da7567ef0977e,1.8371669203450025
0x4bc0769c771915c53cd27c2733fc5f7cf17d79df,1.8248721461187215
0xfacec1c32ae56097866a6c1dda1124f2c6844f40,1.7339101978691020
0x579ad97110d7203e9812fad0944d89b4bde81050,1.7180796549974632
0x4644dec630abcee2f4d3c94ba03c366960ea334b,1.6962232369355657
0x3718e63f4cb0200e1fb3bb11ec4ceeb556ff8497,1.6897392186707255
0x715fa4482e29b4af8f409595105986e75e4038a8,1.6851831557584982
0x3285d28263d6f11a4177a6cf74685c15e65eb78d,1.6851831557584982
0x92a28b6dffe7c1f8a3b6b0f20539c223423b288b,1.6806575342465753
0x340690a1b45a5c2c5801cbb39e67062726246453,1.6780963977676306
0x4f1fdd7a0b3279af0619cdd478a594c9a77b9452,1.6728746829020802
0xdcb7c03c06fde7976de5d179b44e8367942fb8d5,1.6705200405885337
0x84108ef7ead5e2c1e4b3b525d5e096234ea5b199,1.6441669203450025
0x5b97d8182b3f7f0b5238f48d210e8d75ecbf72bb,1.6332095383054287
0x1bca56a7c9423c8eb28933329e0df2e67d55679e,1.6325702688990360
0xc2d039d0d81b39a23b22752d2155ba6cdbc50c03,1.6280243531202435
0x42a63047a1cd8449e3e70adeb7363c4ca01db528,1.6223287671232877
0xab7728f53a23667c66cf5cf06c2aebf6f6b51b51,1.6170228310502283
0x5aac7cb6de9a8ea479e240e0f21901589f50d4a0,1.5988209030948757
0xc341e0fd548298de89b38fe31f2ac63457105451,1.5968990360223237
0xbee7f7795d90dcf976cd2990cb5f79fae9207419,1.5962435312024353
0x08a2b46663ebda74bc1d0f08c47db932f8ed6b86,1.5955738203957382
0xc35447bf6cb51f2be5168b28a50dd65f401c3836,1.5955738203957382
0xbc9dc77fe9294081b1b3bd5862ce325f02d3ba4c,1.5884099441907661
0xde7c3d282b5608d6efedc40af488751083e1f91e,1.5864718417047184
0x0a8f3d9364ffd3478ec107472286e13a34a9d0fb,1.5792151192288179
0xe0f9b252483a84cfbe1d6f725365db7e4a7e502c,1.5449193302891933
0x4215b72be9193704ca25287de1bd4bdd18e66f91,1.5119979705733130
0x0ae6395e62c85b7b5d08c5e7918b60c1eac66680,1.5052947742262811
0xa12992afc0a7f97f4324733ed4d5bedf365f1729,1.5007488584474886
0xd5bd944d448b905ba73e6629ab67fbd6c5511568,1.4945834601725013
0x0b7b9733203c22f5a4982787ced13c6fbcba7bc0,1.4890958904109589
0x6031ad731c395c6bc0aa8b143b9bc237135225e1,1.4364058853373922
0xfc4b2a62a06cb2e1c6a743e9ae327bb16977e4c1,1.4318802638254693
0x791c01cc37baec2aa49e5090ba0c4bd2dba163bf,1.4201806189751395
0x5db555b8edf60f96f9d6a7169da8722829b0f945,1.3701958396752917
0x04a7f2ae478c056338ebd4e165a93028027265fe,1.3059036022323694
0xe4983387323dd84130c871b4f716d4359e367625,1.2948533739218671
0xb1d8aa22f6f56ac0cebb43bf0166b4b86806823f,1.2844627092846271
0x611020cb49458b5b78159368280d0850a23aee0d,1.2774997463216641
0x887e25fb6e7e3eca05e771f096aee0f615b1bc81,1.2658280060882801
0x20dba670de20c06e44545c84b391e9fe17d41181,1.2467965499746322
0xbc8aa1d681a5808c45c27e89b2790ec7ad9968bd,1.2429000507356672
0x1906735c014b5b6652e27a716f34a8240eebca7f,1.2414682902080162
0xa6cd3e8af9852209808450f1ce46f2cc236e7b99,1.2260355149670218
0x1f5deee62c65577802e3b15c3f2e523b2b772458,1.2161440892947742
0x2218ae6369f45442863e3152bdc5cae5cab99127,1.2143257229832572
0x134893096f704ddd1ab678f33e33d68ac66dab01,1.2143257229832572
0x151a64570e4997739458455ba4ab5a535fd2e306,1.2020071029934044
0x11b4ff0d8cfcae6c430055fd861c0c597f0c8dc4,1.1838234398782344
0xb8a2e180ed493809210a68fa19f5fe149af1ffad,1.1707945205479452
0x2963361148a692b61d98271abc440dd0efcaa1cf,1.1349670218163369
0xafbefc8401c885a0bb6ea6af43f592a015433c65,1.0737940131912735
0x551bdda337a6e84592cfc370f4e363e086a2056f,1.0717960426179604
0xd362850f06fba0b1708e862c358780819b1d58a3,1.0358904109589041
0xfbe3ec3701ad36f20dd2597a810eee182758cc9d,1.00000000000000000000
0x752f2c80b088223019387b4be5df57be70180753,1.00000000000000000000
0x034e1f7a66b582b68e511b325ed0ccb71bb4bc12,1.00000000000000000000
0xc674e84f106d22e022d95b9eb8aee8c28ef5e829,1.00000000000000000000
0xea1ae4e16d2879d63dd8e2d962074f5df6faf4ac,1.00000000000000000000
0x569920cfef0f49ab78a7f43087c76244e49d2a60,1.00000000000000000000
0xda99a81443164b07be8e07af77b202e79c65e96e,1.00000000000000000000
0xc2ade7a62895734e2a60770b9b97614cbdc2ee6d,1.00000000000000000000
0x7b2e78d4dfaaba045a167a70da285e30e8fca196,1.00000000000000000000
0x1ce2f00b6bd5fd4b706c6b26782239dda37ad935,1.00000000000000000000
0xe6e1032fbbf0bd07af306c058f5c8e17b0e15e5e,1.00000000000000000000
0x6ebd7e1bb5db5aa2930b0ffdca3d31ac9df94ce6,1.00000000000000000000
0x035663b7f36ee7dc556fe6a67bc134fc68a05692,1.00000000000000000000
0x304038febdb021f36cd5d11f69feae36c166ff0d,1.00000000000000000000
0xffa7588c83e3a6af43eeb5718bc928d4d11cd954,1.00000000000000000000
0xc37b40abdb939635068d3c5f13e7faf686f03b65,1.00000000000000000000
0x6cd0f0459a1b947ddf8583dc740b23ba69d087f4,1.00000000000000000000
0x07358f47433328134f8fc95bc2db5b2b1c9c7f9c,1.00000000000000000000
0x51f8b01e54df0285ac437e479182f966859d3084,1.00000000000000000000
0x5b176b8be59d6a451f0dc283c9f82aad644543a5,1.00000000000000000000
0x9b2d6e2d5ef25c0454abaa392fcd9796e05567c9,1.00000000000000000000
0x7b74e1cb77a59773bf6c62cef93a7224895b8f86,1.00000000000000000000
0x0ae81b5b6722c7898a2bf65acf4665814080a681,1.00000000000000000000
0x098091becc290848a31e79982ab6e5a393dbfa69,1.00000000000000000000
0x3f032385f4ae18ddb34271abaafb877f637347c5,1.00000000000000000000
0xf44e4a580c94edde46c29207ffe5e7a0ac870234,1.00000000000000000000
0xdd5ae9cb51025d0cdc5e5ab6054cde8b2f989be3,1.00000000000000000000
0xe8243fa91c933c2ae51211dfff40047dcfb88a8d,1.00000000000000000000
0x825b290df142175b19b40529e41fcc0fdc651bbc,1.00000000000000000000
0xedbaa04fadbcd2872d70b99ed93805c489ad4887,1.00000000000000000000
0xf0138d2e4037957d7b37de312a16a88a7f83a32a,1.00000000000000000000
0x32d9289304d9c3fcb44a729feed17d93a8bc60e9,1.00000000000000000000
0xe13ecb430087321edf81c0263fd024fe1aba97f2,1.00000000000000000000
0x7c83e7066f6fa9f83827ed09346889a8180babb3,1.00000000000000000000
0x4e03b704e0a2ce9a0212e9475a8f6f1fa846d594,0.99896955859969558600
0x17cf5ac5ea455541dbee9471fb0a498d404e4bc7,0.99815271435819381025
0x605b3a9ceaaba25448e7838adfd52ce16a0761bf,0.99636529680365296804
0xc4358dc65c840813f2e89e8ae06686a581baa7fa,0.99036986301369863014
0x98ee064700aff6d39203f4fb5353514a835b4b9a,0.97170167427701674277
0xc2c07b84b01650b295300fe525039d64b17267ba,0.96715322171486555048
0xfb68c1eec4f7930c8774ede7fb0d6e0d037a6afb,0.96374378488077118214
0x88f9b910f7b351d09475e06d0d48a7598fca5831,0.96232166412988330797
0xb18866185526cb06a5b04d38011239ca63c770e7,0.94748554033485540335
0x4b8af0b7f8a604b81ff945672c545b128d5ef110,0.94221004566210045662
0x00f3f35c6229d2d1373161465985f63bfd4e096e,0.94007864028411973617
0xcb0fd804a913ee4cb4e8cce26dd5cc8012359b79,0.93833384069000507357
0xa06ea9cc58d0d50c033a1b55f1399fb6909b65af,0.93317300862506341958
0x35810dabff16f07afeec6e1c2b251ebe451555b0,0.93126534753932014206
0xc9b9b57dc0cc11052e0c5da30498a22e2d98795d,0.92932470826991374937
0x328e657673542885ee7515e8923185a786ef66d5,0.92266565195332318620
0x088f0549bc416afc9307638c41da5fd0f0ea415e,0.91389852866565195332
0xe40da3981106ad6b63ce44fe8790215c27129599,0.88902384576357179097
0xfbe2cb0ec7387d312c6fbfcf3a84753ef315ed27,0.88414916286149162861
0x83c66f592f38a1c04ec2a820047ee374853f9cba,0.85154946727549467275
0x3aff319216c3165d13adfa5ba1fd86bcdb066e64,0.85154946727549467275
0xe8332043e54a2470e148f0c1ac0af188d9d46524,0.85074023338406900051
0x31ce4ae28d04791f8da6e3810cea7d151c429498,0.83870674784373414510
0x11d32f0e060646da9974a620a3d89f975da6ad10,0.82686910197869101979
0xb66132a76eee4b82ed2f3d35fea3a55efa06a616,0.82654693049213597159
0x24f56a1804bc9b4d0882d6462433c42ae1c882fe,0.81940081177067478437
0x8d6a69119ae7d808cbaaae2968fa7dfe0e99b1d8,0.81652207001522070015
0xbb08e5dfc5ddd67759b72d32588263e4f2cfe702,0.81379604261796042618
0x5722366feb77612429a4cf0ba0250432bc981ba5,0.81355859969558599696
0xc9fdba110e9fcf62910e3e37a28c16dce93d323e,0.80446423135464231355
0xf3cae9b25b97a4b5a9717bc1a9539cfe35ab5652,0.80332623033992897007
0x2c7a23bb7ec78cdeba17bd0562b05fea6e8f6a77,0.80104718417047184170
0xcc072ad1e2fe1ad79d431b1ed609d5e77437fed0,0.79943125317097919838
0xafb50e978276e07d3ae3fcc7a96a8b05c5650e22,0.79618163368848300355
0x0b2b3170d9c4246136e9155a2c9656a08037caae,0.79082394723490613902
0x040ec70b5f62ea9bac27a6947fcc5f77ded4a343,0.78950684931506849315
0xbe8b1778aedfd6600bb8c72a90e9ebcd9aa06822,0.78528868594622019280
0xe6b07735fb141ec8b8d46850bb59f90a5ec3f3d3,0.78011111111111111111
0x00267b66d3e188f62cd3d0e7e1c16c3e17fc9518,0.77144545915778792491
0xf3bf9ddba413825e5ddf92d15b09c2abd8d190dd,0.76500050735667174023
0x7e9ab29d5eb42fcc66af94926d633700d387723a,0.74925875190258751903
0x72426fbbc5738aa3806b33911945e3f6f2437d98,0.74292440385591070523
0x30f90bfe52dd954ab80c11683dae8ef099ee86e3,0.73064231354642313546
0x22504cbb3517851c95b2ae7428155ecc7014e887,0.72998274987316083206
0x413b024ed8683970fa4bd8e78481fb50eea4d025,0.72155048198883815322
0x359b0ceb2dabcbb6588645de3b480c8203aa5b76,0.72081075596144089295
0x324add6431a52d217a981825da6940d423ebf9c7,0.69656012176560121766
0xf9f74d49a4219906445418b67376785a3f4a963d,0.68971892440385591071
0x5cc81b8ea0b9f4b990c039cec1a5d2a999b0f818,0.68674987316083206494
0x447ca762c130bba3b00973420fb9d40dc3cda3d2,0.67802942668696093354
0xc5defe70073e5d3b609f2907683d9bee0e9c6768,0.67674074074074074074
0x32e74dcca14c74f2039d9195c5aaaf14ac616c63,0.66893759512937595129
0x9c6f7b08e56ddb7840c2005bad2a36a94136e9a3,0.64810451547437848808
0x85a363699c6864248a6ffca66e4a1a5ccf9f5567,0.63776560121765601218
0x6926dbc198a99a47375d085dbc980c4312214374,0.63705834601725012684
0x8f804dec80028cb5bbc5537762b27629a4ab6c94,0.63321968543886352106
0xcea72346ded5ed08c1b1ae2864140086defdb782,0.61439675291730086251
0xed0e2c993a12edc1a0ab1ea476c51037544cd0fe,0.61309791983764586504
0xb3b5de571059caa202216110a215623906c6edae,0.58971892440385591071
0xdb2abe3f7f5ff9849bf84b020f4d07452db55d99,0.58647184170471841705
0xcd5455563867f112aafbbeddd9b9eb7af563c785,0.58257534246575342466
0x6dfa5f1a0e57f13128bd5dced895916b30baf2e5,0.58257534246575342466
0x76ba2242d6765da5b4f97ea75d9b1495b658fc0b,0.58137950279046169457
0x1da9533d024c180ae53ca5147f2b957fcb5fe6e2,0.58056773211567732116
0xca7222f3e6664de57d1ae453e659a2544178a62d,0.57845459157787924911
0xb21731d830b7e8460e5d6c66dc1ccc0a5d0a6b87,0.55205276509386098427
0x791e4194401554eff3bee464f7bdb98ef7cb31dd,0.53062201927955352613
0x149e9d35f6af74c9e419b0eade856724198baadc,0.52866362252663622527
0x123e0b16ab322b9a718d654ad1e6b35f690dc77f,0.52737493658041603247
0xf765f24486ebb671c86a61eba9a0a99d13a605ff,0.52477727042110603754
0x9155aa730244b010dc0257a64efbe9aa01a9459f,0.52309436834094368341
0x5b45be5f76bc9eaf1ca4f9a9f9074442db2eba7c,0.51875646879756468798
0xe39d59780f0749b97c4ec82f50958bda10b3a2bf,0.50636935565702688990
0x1d880eeaa75ba1bc6e91d9f36867a8ac59397406,0.49614358193810248605
0x3b60f8b2f83e26de0eb3eebc4ca034052546f9a7,0.49192491121258244546
0x25bc45e07aff3a75ef677e58185a1578f6e32306,0.49099746321664129883
0x55af288bbf5eebb33b53c394e46c736d986a9cf5,0.48965195332318619990
0x0b21b5b70a6ee2fc53228363883de6419cef1254,0.48878234398782343988
0xc9c266a9b74a6025376522dffd1998e3c45d2cf2,0.47729528158295281583
0xa7860e99e3ce0752d1ac53b974e309fff80277c6,0.45871131405377980720
0xf69b99752566c8dde9350a933399afde3dac5efd,0.45464028411973617453
0xc262ae1cca7684c52f6d430862083eabfbbbec93,0.45073363774733637747
0xb800fef76dadbf90cae789c4a49590de8e0b1c4d,0.42735464231354642314
0xa8ad84e2a9f51cb975bd1d09bf0c3bfaa4730ffd,0.42129578893962455606
0xf911f24d3033e6e0948020ace70c003943d3a92e,0.41268848300355149670
0x3f84cf7f53451cfb79c68f1198e32dc94aef5e02,0.40944140030441400304
0xfbc6fa85df69a62810d4096ed4ddbcb16b09fcf8,0.40657331303906646372
0xa38ac926017ece610ad563b29f212165e0d69a56,0.40505783866057838661
0x34489d3c611c46521739edf55a3c03c8d74f1eae,0.39098731608320649417
0xc6510245a3d961746db4883916d2d600e19f4ff3,0.38919939117199391172
0x48a270dbd810f5bbb07b5324089f7a12ab556db9,0.38590258751902587519
0xb28f260d8a63d5d18e4079a77deeac0ffcc1ec02,0.37670979198376458650
0xd861415f6703ab50ce101c7e6f6a80ada1fc2b1c,0.36761846778285134450
0x81443887e6aef75de940b7244783f896b1c034ca,0.34636884830035514967
0x43a89c2f84e7e731d1787b523ae4e1c588c1aa6a,0.32213242009132420091
0xfb33111a9b28a98a386af619f819de122db1e41b,0.32151192288178589548
0x2e4a576ea78105720fc3b580a409b0893259f71e,0.30816996448503297818
0x6c901f561c8f6b8cde9e29b9d8f3aced854de83a,0.30786199898528665652
0x5d391a00e27ecb3656c496e2ac36b4b5f73abca8,0.30284830035514967022
0x37fee3a4201b20ef53d12c2d181223f17a0028ce,0.29173211567732115677
0xbc8f162d0b906d5614ff6b91fcb25c7f746a96ee,0.26613698630136986301
0x962872edc54b60f3d059f1a776a67d4e49d91244,0.24941451040081177067
0xb365f1bbf34a698955fd6f3009b3f9740a596998,0.24162151192288178590
0x3c315dad747c210a522f118788e8d7c800116680,0.24032267884322678843
0x671e3e50682234909a3958ac00a3fa0f55752283,0.23967326230339928970
0x91831208ef824bbb986996312f2f0d92cca7bb90,0.23837442922374429224
0xa296bed7177b909c2ba01ac20be57fb5739c8465,0.23442871638762049721
0xfa14f0e077f3a680fc56127df78d0e7ee0aaeffe,0.23252968036529680365
0x9ade4db434ac2fa4f82f1584352fb94ec6a1c287,0.22663825469304921360
0xf87ac60a89c1127cdabfc01bd12ed652f06aa7e3,0.22538609842719431761
0xc344ffaf45ed992ebc8b66d3362f472ef08c39ba,0.21695383054287163876
0x97fc178f27682988996e2fc766337d6b0bc24587,0.21689954337899543379
0x73f83e0ea1a673b698d2600fb1c0fc2dd9051dde,0.20927143581938102486
0xbf33281382a114d5a8d8122a9fda04d8cd51d55d,0.20667630644342973110
0xcb12d49244e256f89dcd559b1eb286b0707339f8,0.20591374936580416032
0x5b655eda7d101f98934392cc3610bcb25b633789,0.20549974632166412988
0x52eaf3f04cbac0a4b9878a75ab2523722325d4d4,0.20380263825469304921
0x713376c3bb65e786d8aa0fcffffb39472f23e6a6,0.19872349061390157281
0xa8049b6a83b3cd82fad32c7fe2e7536ca1911945,0.19776661593099949264
0x88dac1fd38ffd41c4462c553dafcdcb2e8ebfe5c,0.19631506849315068493
0x811c2b495389c291a0012fe2b9f4d9b465d57e4d,0.19498680872653475393
0x063f32f4d297cdf0846247a0eb93c3cf7873fe5b,0.19482699137493658042
0x24f6532a487662228c6b93bdc96e55dabeb0623b,0.19384779299847792998
0xbb77dc7a5638c77b014187f43d330200ba4d3ef1,0.18054743784880771182
0x225509847509f66c9bd49cda9714f481a3a6200e,0.17242973110096397768
0x6a2e1322f09673d15a6704e723df98487b77a1eb,0.16918518518518518519
0x3766076c0360211db151dbac6904dea30351493d,0.16369152714358193810
0xb22ce9a5f160762f177296e9d4820b288f91535c,0.15720750887874175545
0x072d63796c4fe69b306a23e1d01156d51f7b3e16,0.15540182648401826484
0x3a643c2c0c5617d827118e2654a001a84af04258,0.15538001014713343480
0x2c9bdd583e515eb958cb60ffe663b3acf16412d5,0.14499441907661085743
0xf9baf17ca02413fc03b9bb1c782f61a7111a9c7e,0.13983510908168442415
0xdcff9a818d579624e4076ee2868da2b821f57ed2,0.13577676306443429731
0xc35002fa2133a8d2bbce8359213a12b548cea03e,0.13249061390157280568
0xafcfd5898103187f2d9b8fc55f2f00b079b80fad,0.13119431760527650939
0x111d67d46d54eddaef0ae4782c4ed626fe210754,0.12291425672247590056
0xab93654133a2c60bd37ebde561907c871a64f729,0.11759309994926433283
0x7d3a7ad44bfcfc0962709ece4c149128717906b8,0.10637087772704211060
0x70b0d3f6c6aa995909da94fc5be703b97c4a9632,0.09953272450532724505
0x72866e0fb4a66bc5e15e15e763b447b77ac30d59,0.09810045662100456621
0x686129b664a59b35ed1f070257f9ea8894196b69,0.09357483510908168442
0x979139e0ae28049ebb83c4171ad90689da5358b5,0.08966818873668188737
0x23259c74999938a4c5384ff1cf9797952ad53623,0.08835920852359208524
0x1a08c0bf5cc0ccc88aa2ca49a1c71a5124b0a549,0.08317402333840690005
0xe4a51feb6a8bb23b1c2ccd1eee737b16b3cc03fb,0.08053729071537290715
0x6df17656a08553de3387067b4606df5c00e24ff4,0.07242922374429223744
0xd3cbc2cc1cab95b78b854664409c3de99a21231e,0.06543835616438356164
0x8f9906c8561d8a70b176f64e68e3f20562cb69e6,0.06008066971080669711
0x5190efc20e1ac0d4b5ece5f6e8d5529925557c90,0.05910654490106544901
0x41ff3a5d17798902e2195538d7e9fb42c7d19070,0.05277473363774733638
0xc3fa11db152d652f191926a125c2c85fb15963a5,0.05180060882800608828
0xcfc34b98691d974958849517eac6bec034a91112,0.03183105022831050228
0xd42c5b98114057acc5d4d8606cdfb5418ac4a932,0.02517706747843734145
0x437f642e5f9554696f6154645b603f505dc588f7,0.02342770167427701674
0xa0e464d55ff8986459dcaab9a59f636fe6ae285d,0.01692338914256722476
0xe93f7b7f7ad9b0726bdc3a3f92f511a006625ccf,0.00828970065956367326
0x13edc33d36086422d547693c21b365259e4823bc,0.00390867579908675799
0xa52776be663204007e089fb04abeaea594a63fbc,0.000038559107052257737189
